0	/a/[/r/Antonym/,/c/ab/–∞–≥—ã—Ä—É–∞/n/,/c/ab/–∞“ß—Å—É–∞/]	0	0	1	1.0	{"dataset": "/d/wiktionary/en", "end": "/c/ab/–∞“ß—Å—É–∞", "features": ["/c/ab/–∞–≥—ã—Ä—É–∞ /r/Antonym -", "/c/ab/–∞–≥—ã—Ä—É–∞ - /c/ab/–∞“ß—Å—É–∞", "- /r/Antonym /c/ab/–∞“ß—Å—É–∞"], "license": "cc:by-sa/4.0", "rel": "/r/Antonym", "sources": [{"contributor": "/s/resource/wiktionary/en", "process": "/s/process/wikiparsec/2"}], "start": "/c/ab/–∞–≥—ã—Ä—É–∞/n", "surfaceEnd": null, "surfaceStart": null, "surfaceText": null, "uri": "/a/[/r/Antonym/,/c/ab/–∞–≥—ã—Ä—É–∞/n/,/c/ab/–∞“ß—Å—É–∞/]", "weight": 1.0}
1	/a/[/r/Antonym/,/c/adx/th…ôœá_kwo/a/,/c/adx/ Çap_w…ô/]	0	3	4	1.0	{"dataset": "/d/wiktionary/fr", "end": "/c/adx/ Çap_w…ô", "features": ["/c/adx/th…ôœá_kwo /r/Antonym -", "/c/adx/th…ôœá_kwo - /c/adx/ Çap_w…ô", "- /r/Antonym /c/adx/ Çap_w…ô"], "license": "cc:by-sa/4.0", "rel": "/r/Antonym", "sources": [{"contributor": "/s/resource/wiktionary/fr", "process": "/s/process/wikiparsec/2"}], "start": "/c/adx/th…ôœá_kwo/a", "surfaceEnd": null, "surfaceStart": null, "surfaceText": null, "uri": "/a/[/r/Antonym/,/c/adx/th…ôœá_kwo/a/,/c/adx/ Çap_w…ô/]", "weight": 1.0}
2	/a/[/r/Antonym/,/c/adx/tok_po/a/,/c/adx/ Ça_w…ô/]	0	6	7	1.0	{"dataset": "/d/wiktionary/fr", "end": "/c/adx/ Ça_w…ô", "features": ["/c/adx/tok_po /r/Antonym -", "/c/adx/tok_po - /c/adx/ Ça_w…ô", "- /r/Antonym /c/adx/ Ça_w…ô"], "license": "cc:by-sa/4.0", "rel": "/r/Antonym", "sources": [{"contributor": "/s/resource/wiktionary/fr", "process": "/s/process/wikiparsec/2"}], "start": "/c/adx/tok_po/a", "surfaceEnd": null, "surfaceStart": null, "surfaceText": null, "uri": "/a/[/r/Antonym/,/c/adx/tok_po/a/,/c/adx/ Ça_w…ô/]", "weight": 1.0}
3	/a/[/r/Antonym/,/c/adx/ Ça_w…ô/a/,/c/adx/tok_po/]	0	9	8	1.0	{"dataset": "/d/wiktionary/fr", "end": "/c/adx/tok_po", "features": ["/c/adx/ Ça_w…ô /r/Antonym -", "/c/adx/ Ça_w…ô - /c/adx/tok_po", "- /r/Antonym /c/adx/tok_po"], "license": "cc:by-sa/4.0", "rel": "/r/Antonym", "sources": [{"contributor": "/s/resource/wiktionary/fr", "process": "/s/process/wikiparsec/2"}], "start": "/c/adx/ Ça_w…ô/a", "surfaceEnd": null, "surfaceStart": null, "surfaceText": null, "uri": "/a/[/r/Antonym/,/c/adx/ Ça_w…ô/a/,/c/adx/tok_po/]", "weight": 1.0}
4	/a/[/r/Antonym/,/c/adx/ Çap_w…ô/a/,/c/adx/th…ôœá_kwo/]	0	10	5	1.0	{"dataset": "/d/wiktionary/fr", "end": "/c/adx/th…ôœá_kwo", "features": ["/c/adx/ Çap_w…ô /r/Antonym -", "/c/adx/ Çap_w…ô - /c/adx/th…ôœá_kwo", "- /r/Antonym /c/adx/th…ôœá_kwo"], "license": "cc:by-sa/4.0", "rel": "/r/Antonym", "sources": [{"contributor": "/s/resource/wiktionary/fr", "process": "/s/process/wikiparsec/2"}], "start": "/c/adx/ Çap_w…ô/a", "surfaceEnd": null, "surfaceStart": null, "surfaceText": null, "uri": "/a/[/r/Antonym/,/c/adx/ Çap_w…ô/a/,/c/adx/th…ôœá_kwo/]", "weight": 1.0}
5	/a/[/r/Antonym/,/c/ae/ê¨®ê¨Äê¨∞ê¨õê¨Äê¨åê¨åê¨Äê¨Øê¨•ê¨Ä/n/,/c/ae/ê¨õê¨Äê¨âê¨éê¨éê¨Äê¨åê¨åê¨Äê¨Øê¨•ê¨Ä/]	0	11	12	1.0	{"dataset": "/d/wiktionary/en", "end": "/c/ae/ê¨õê¨Äê¨âê¨éê¨éê¨Äê¨åê¨åê¨Äê¨Øê¨•ê¨Ä", "features": ["/c/ae/ê¨®ê¨Äê¨∞ê¨õê¨Äê¨åê¨åê¨Äê¨Øê¨•ê¨Ä /r/Antonym -", "/c/ae/ê¨®ê¨Äê¨∞ê¨õê¨Äê¨åê¨åê¨Äê¨Øê¨•ê¨Ä - /c/ae/ê¨õê¨Äê¨âê¨éê¨éê¨Äê¨åê¨åê¨Äê¨Øê¨•ê¨Ä", "- /r/Antonym /c/ae/ê¨õê¨Äê¨âê¨éê¨éê¨Äê¨åê¨åê¨Äê¨Øê¨•ê¨Ä"], "license": "cc:by-sa/4.0", "rel": "/r/Antonym", "sources": [{"contributor": "/s/resource/wiktionary/en", "process": "/s/process/wikiparsec/2"}], "start": "/c/ae/ê¨®ê¨Äê¨∞ê¨õê¨Äê¨åê¨åê¨Äê¨Øê¨•ê¨Ä/n", "surfaceEnd": null, "surfaceStart": null, "surfaceText": null, "uri": "/a/[/r/Antonym/,/c/ae/ê¨®ê¨Äê¨∞ê¨õê¨Äê¨åê¨åê¨Äê¨Øê¨•ê¨Ä/n/,/c/ae/ê¨õê¨Äê¨âê¨éê¨éê¨Äê¨åê¨åê¨Äê¨Øê¨•ê¨Ä/]", "weight": 1.0}
6	/a/[/r/Antonym/,/c/ae/ê¨µê¨é/,/c/ae/ê¨õê¨éê¨±/]	0	14	15	1.0	{"dataset": "/d/wiktionary/en", "end": "/c/ae/ê¨õê¨éê¨±", "features": ["/c/ae/ê¨µê¨é /r/Antonym -", "/c/ae/ê¨µê¨é - /c/ae/ê¨õê¨éê¨±", "- /r/Antonym /c/ae/ê¨õê¨éê¨±"], "license": "cc:by-sa/4.0", "rel": "/r/Antonym", "sources": [{"contributor": "/s/resource/wiktionary/en", "process": "/s/process/wikiparsec/2"}], "start": "/c/ae/ê¨µê¨é", "surfaceEnd": null, "surfaceStart": null, "surfaceText": null, "uri": "/a/[/r/Antonym/,/c/ae/ê¨µê¨é/,/c/ae/ê¨õê¨éê¨±/]", "weight": 1.0}
7	/a/[/r/Antonym/,/c/af/aanskakel/v/,/c/af/afskakel/]	0	16	17	1.0	{"dataset": "/d/wiktionary/en", "end": "/c/af/afskakel", "features": ["/c/af/aanskakel /r/Antonym -", "/c/af/aanskakel - /c/af/afskakel", "- /r/Antonym /c/af/afskakel"], "license": "cc:by-sa/4.0", "rel": "/r/Antonym", "sources": [{"contributor": "/s/resource/wiktionary/en", "process": "/s/process/wikiparsec/2"}], "start": "/c/af/aanskakel/v", "surfaceEnd": null, "surfaceStart": null, "surfaceText": null, "uri": "/a/[/r/Antonym/,/c/af/aanskakel/v/,/c/af/afskakel/]", "weight": 1.0}
8	/a/[/r/Antonym/,/c/af/afgaan/v/,/c/af/opgaan/]	0	19	20	1.0	{"dataset": "/d/wiktionary/en", "end": "/c/af/opgaan", "features": ["/c/af/afgaan /r/Antonym -", "/c/af/afgaan - /c/af/opgaan", "- /r/Antonym /c/af/opgaan"], "license": "cc:by-sa/4.0", "rel": "/r/Antonym", "sources": [{"contributor": "/s/resource/wiktionary/en", "process": "/s/process/wikiparsec/2"}], "start": "/c/af/afgaan/v", "surfaceEnd": null, "surfaceStart": null, "surfaceText": null, "uri": "/a/[/r/Antonym/,/c/af/afgaan/v/,/c/af/opgaan/]", "weight": 1.0}
9	/a/[/r/Antonym/,/c/af/afskakel/v/,/c/af/aanskakel/]	0	22	18	1.0	{"dataset": "/d/wiktionary/en", "end": "/c/af/aanskakel", "features": ["/c/af/afskakel /r/Antonym -", "/c/af/afskakel - /c/af/aanskakel", "- /r/Antonym /c/af/aanskakel"], "license": "cc:by-sa/4.0", "rel": "/r/Antonym", "sources": [{"contributor": "/s/resource/wiktionary/en", "process": "/s/process/wikiparsec/2"}], "start": "/c/af/afskakel/v", "surfaceEnd": null, "surfaceStart": null, "surfaceText": null, "uri": "/a/[/r/Antonym/,/c/af/afskakel/v/,/c/af/aanskakel/]", "weight": 1.0}
10	/a/[/r/Antonym/,/c/af/aktiveer/v/,/c/af/deaktiveer/]	0	23	24	1.0	{"dataset": "/d/wiktionary/en", "end": "/c/af/deaktiveer", "features": ["/c/af/aktiveer /r/Antonym -", "/c/af/aktiveer - /c/af/deaktiveer", "- /r/Antonym /c/af/deaktiveer"], "license": "cc:by-sa/4.0", "rel": "/r/Antonym", "sources": [{"contributor": "/s/resource/wiktionary/en", "process": "/s/process/wikiparsec/2"}], "start": "/c/af/aktiveer/v", "surfaceEnd": null, "surfaceStart": null, "surfaceText": null, "uri": "/a/[/r/Antonym/,/c/af/aktiveer/v/,/c/af/deaktiveer/]", "weight": 1.0}
11	/a/[/r/Antonym/,/c/af/alkali/n/,/c/af/suur/]	0	26	27	1.0	{"dataset": "/d/wiktionary/en", "end": "/c/af/suur", "features": ["/c/af/alkali /r/Antonym -", "/c/af/alkali - /c/af/suur", "- /r/Antonym /c/af/suur"], "license": "cc:by-sa/4.0", "rel": "/r/Antonym", "sources": [{"contributor": "/s/resource/wiktionary/en", "process": "/s/process/wikiparsec/2"}], "start": "/c/af/alkali/n", "surfaceEnd": null, "surfaceStart": null, "surfaceText": null, "uri": "/a/[/r/Antonym/,/c/af/alkali/n/,/c/af/suur/]", "weight": 1.0}
12	/a/[/r/Antonym/,/c/af/blank/a/,/c/af/swart/]	0	29	30	1.0	{"dataset": "/d/wiktionary/en", "end": "/c/af/swart", "features": ["/c/af/blank /r/Antonym -", "/c/af/blank - /c/af/swart", "- /r/Antonym /c/af/swart"], "license": "cc:by-sa/4.0", "rel": "/r/Antonym", "sources": [{"contributor": "/s/resource/wiktionary/en", "process": "/s/process/wikiparsec/2"}], "start": "/c/af/blank/a", "surfaceEnd": null, "surfaceStart": null, "surfaceText": null, "uri": "/a/[/r/Antonym/,/c/af/blank/a/,/c/af/swart/]", "weight": 1.0}
13	/a/[/r/Antonym/,/c/af/dogter/n/,/c/af/seun/]	0	32	33	1.0	{"dataset": "/d/wiktionary/en", "end": "/c/af/seun", "features": ["/c/af/dogter /r/Antonym -", "/c/af/dogter - /c/af/seun", "- /r/Antonym /c/af/seun"], "license": "cc:by-sa/4.0", "rel": "/r/Antonym", "sources": [{"contributor": "/s/resource/wiktionary/en", "process": "/s/process/wikiparsec/2"}], "start": "/c/af/dogter/n", "surfaceEnd": null, "surfaceStart": null, "surfaceText": null, "uri": "/a/[/r/Antonym/,/c/af/dogter/n/,/c/af/seun/]", "weight": 1.0}
14	/a/[/r/Antonym/,/c/af/dogtertjie/n/,/c/af/seuntjie/]	0	35	36	1.0	{"dataset": "/d/wiktionary/en", "end": "/c/af/seuntjie", "features": ["/c/af/dogtertjie /r/Antonym -", "/c/af/dogtertjie - /c/af/seuntjie", "- /r/Antonym /c/af/seuntjie"], "license": "cc:by-sa/4.0", "rel": "/r/Antonym", "sources": [{"contributor": "/s/resource/wiktionary/en", "process": "/s/process/wikiparsec/2"}], "start": "/c/af/dogtertjie/n", "surfaceEnd": null, "surfaceStart": null, "surfaceText": null, "uri": "/a/[/r/Antonym/,/c/af/dogtertjie/n/,/c/af/seuntjie/]", "weight": 1.0}
15	/a/[/r/Antonym/,/c/af/geag/a/,/c/af/ongeag/]	0	38	39	1.0	{"dataset": "/d/wiktionary/en", "end": "/c/af/ongeag", "features": ["/c/af/geag /r/Antonym -", "/c/af/geag - /c/af/ongeag", "- /r/Antonym /c/af/ongeag"], "license": "cc:by-sa/4.0", "rel": "/r/Antonym", "sources": [{"contributor": "/s/resource/wiktionary/en", "process": "/s/process/wikiparsec/2"}], "start": "/c/af/geag/a", "surfaceEnd": null, "surfaceStart": null, "surfaceText": null, "uri": "/a/[/r/Antonym/,/c/af/geag/a/,/c/af/ongeag/]", "weight": 1.0}
16	/a/[/r/Antonym/,/c/af/gelukkig/a/,/c/af/ongelukkig/]	0	41	42	1.0	{"dataset": "/d/wiktionary/en", "end": "/c/af/ongelukkig", "features": ["/c/af/gelukkig /r/Antonym -", "/c/af/gelukkig - /c/af/ongelukkig", "- /r/Antonym /c/af/ongelukkig"], "license": "cc:by-sa/4.0", "rel": "/r/Antonym", "sources": [{"contributor": "/s/resource/wiktionary/en", "process": "/s/process/wikiparsec/2"}], "start": "/c/af/gelukkig/a", "surfaceEnd": null, "surfaceStart": null, "surfaceText": null, "uri": "/a/[/r/Antonym/,/c/af/gelukkig/a/,/c/af/ongelukkig/]", "weight": 1.0}
17	/a/[/r/Antonym/,/c/af/hoog/a/,/c/af/laag/]	0	44	45	1.0	{"dataset": "/d/wiktionary/en", "end": "/c/af/laag", "features": ["/c/af/hoog /r/Antonym -", "/c/af/hoog - /c/af/laag", "- /r/Antonym /c/af/laag"], "license": "cc:by-sa/4.0", "rel": "/r/Antonym", "sources": [{"contributor": "/s/resource/wiktionary/en", "process": "/s/process/wikiparsec/2"}], "start": "/c/af/hoog/a", "surfaceEnd": null, "surfaceStart": null, "surfaceText": null, "uri": "/a/[/r/Antonym/,/c/af/hoog/a/,/c/af/laag/]", "weight": 1.0}
18	/a/[/r/Antonym/,/c/af/iemand/n/,/c/af/niemand/]	0	47	48	1.0	{"dataset": "/d/wiktionary/en", "end": "/c/af/niemand", "features": ["/c/af/iemand /r/Antonym -", "/c/af/iemand - /c/af/niemand", "- /r/Antonym /c/af/niemand"], "license": "cc:by-sa/4.0", "rel": "/r/Antonym", "sources": [{"contributor": "/s/resource/wiktionary/en", "process": "/s/process/wikiparsec/2"}], "start": "/c/af/iemand/n", "surfaceEnd": null, "surfaceStart": null, "surfaceText": null, "uri": "/a/[/r/Antonym/,/c/af/iemand/n/,/c/af/niemand/]", "weight": 1.0}
19	/a/[/r/Antonym/,/c/af/ingaan/v/,/c/af/uitgaan/]	0	50	51	1.0	{"dataset": "/d/wiktionary/en", "end": "/c/af/uitgaan", "features": ["/c/af/ingaan /r/Antonym -", "/c/af/ingaan - /c/af/uitgaan", "- /r/Antonym /c/af/uitgaan"], "license": "cc:by-sa/4.0", "rel": "/r/Antonym", "sources": [{"contributor": "/s/resource/wiktionary/en", "process": "/s/process/wikiparsec/2"}], "start": "/c/af/ingaan/v", "surfaceEnd": null, "surfaceStart": null, "surfaceText": null, "uri": "/a/[/r/Antonym/,/c/af/ingaan/v/,/c/af/uitgaan/]", "weight": 1.0}
20	/a/[/r/Antonym/,/c/af/laag/a/,/c/af/hoog/]	0	53	46	1.0	{"dataset": "/d/wiktionary/en", "end": "/c/af/hoog", "features": ["/c/af/laag /r/Antonym -", "/c/af/laag - /c/af/hoog", "- /r/Antonym /c/af/hoog"], "license": "cc:by-sa/4.0", "rel": "/r/Antonym", "sources": [{"contributor": "/s/resource/wiktionary/en", "process": "/s/process/wikiparsec/2"}], "start": "/c/af/laag/a", "surfaceEnd": null, "surfaceStart": null, "surfaceText": null, "uri": "/a/[/r/Antonym/,/c/af/laag/a/,/c/af/hoog/]", "weight": 1.0}
21	/a/[/r/Antonym/,/c/af/ma/n/,/c/af/pa/]	0	54	55	1.0	{"dataset": "/d/wiktionary/en", "end": "/c/af/pa", "features": ["/c/af/ma /r/Antonym -", "/c/af/ma - /c/af/pa", "- /r/Antonym /c/af/pa"], "license": "cc:by-sa/4.0", "rel": "/r/Antonym", "sources": [{"contributor": "/s/resource/wiktionary/en", "process": "/s/process/wikiparsec/2"}], "start": "/c/af/ma/n", "surfaceEnd": null, "surfaceStart": null, "surfaceText": null, "uri": "/a/[/r/Antonym/,/c/af/ma/n/,/c/af/pa/]", "weight": 1.0}
22	/a/[/r/Antonym/,/c/af/maere/n/,/c/af/vette/]	0	57	58	1.0	{"dataset": "/d/wiktionary/en", "end": "/c/af/vette", "features": ["/c/af/maere /r/Antonym -", "/c/af/maere - /c/af/vette", "- /r/Antonym /c/af/vette"], "license": "cc:by-sa/4.0", "rel": "/r/Antonym", "sources": [{"contributor": "/s/resource/wiktionary/en", "process": "/s/process/wikiparsec/2"}], "start": "/c/af/maere/n", "surfaceEnd": null, "surfaceStart": null, "surfaceText": null, "uri": "/a/[/r/Antonym/,/c/af/maere/n/,/c/af/vette/]", "weight": 1.0}
23	/a/[/r/Antonym/,/c/af/moedertaalspreker/n/,/c/af/nie_moedertaalspreker/]	0	60	61	1.0 {"dataset": "/d/wiktionary/en", "end": "/c/af/nie_moedertaalspreker", "features": ["/c/af/moedertaalspreker /r/Antonym -", "/c/af/moedertaalspreker - /c/af/nie_moedertaalspreker", "- /r/Antonym /c/af/nie_moedertaalspreker"], "license": "cc:by-sa/4.0", "rel": "/r/Antonym", "sources": [{"contributor": "/s/resource/wiktionary/en", "process": "/s/process/wikiparsec/2"}], "start": "/c/af/moedertaalspreker/n", "surfaceEnd": null, "surfaceStart": null, "surfaceText": null, "uri": "/a/[/r/Antonym/,/c/af/moedertaalspreker/n/,/c/af/nie_moedertaalspreker/]", "weight": 1.0}
24	/a/[/r/Antonym/,/c/af/nie_moedertaalspreker/n/,/c/af/moedertaalspreker/]	0	63	62	1.0 {"dataset": "/d/wiktionary/en", "end": "/c/af/moedertaalspreker", "features": ["/c/af/nie_moedertaalspreker /r/Antonym -", "/c/af/nie_moedertaalspreker - /c/af/moedertaalspreker", "- /r/Antonym /c/af/moedertaalspreker"], "license": "cc:by-sa/4.0", "rel": "/r/Antonym", "sources": [{"contributor": "/s/resource/wiktionary/en", "process": "/s/process/wikiparsec/2"}], "start": "/c/af/nie_moedertaalspreker/n", "surfaceEnd": null, "surfaceStart": null, "surfaceText": null, "uri": "/a/[/r/Antonym/,/c/af/nie_moedertaalspreker/n/,/c/af/moedertaalspreker/]", "weight": 1.0}
25	/a/[/r/Antonym/,/c/af/n√™rens/r/,/c/af/oral/]	0	64	65	1.0	{"dataset": "/d/wiktionary/en", "end": "/c/af/oral", "features": ["/c/af/n√™rens /r/Antonym -", "/c/af/n√™rens - /c/af/oral", "- /r/Antonym /c/af/oral"], "license": "cc:by-sa/4.0", "rel": "/r/Antonym", "sources": [{"contributor": "/s/resource/wiktionary/en", "process": "/s/process/wikiparsec/2"}], "start": "/c/af/n√™rens/r", "surfaceEnd": null, "surfaceStart": null, "surfaceText": null, "uri": "/a/[/r/Antonym/,/c/af/n√™rens/r/,/c/af/oral/]", "weight": 1.0}
26	/a/[/r/Antonym/,/c/af/ongeag/a/,/c/af/geag/]	0	67	40	1.0	{"dataset": "/d/wiktionary/en", "end": "/c/af/geag", "features": ["/c/af/ongeag /r/Antonym -", "/c/af/ongeag - /c/af/geag", "- /r/Antonym /c/af/geag"], "license": "cc:by-sa/4.0", "rel": "/r/Antonym", "sources": [{"contributor": "/s/resource/wiktionary/en", "process": "/s/process/wikiparsec/2"}], "start": "/c/af/ongeag/a", "surfaceEnd": null, "surfaceStart": null, "surfaceText": null, "uri": "/a/[/r/Antonym/,/c/af/ongeag/a/,/c/af/geag/]", "weight": 1.0}
27	/a/[/r/Antonym/,/c/af/ongelukkig/a/,/c/af/gelukkig/]	0	68	43	1.0	{"dataset": "/d/wiktionary/en", "end": "/c/af/gelukkig", "features": ["/c/af/ongelukkig /r/Antonym -", "/c/af/ongelukkig - /c/af/gelukkig", "- /r/Antonym /c/af/gelukkig"], "license": "cc:by-sa/4.0", "rel": "/r/Antonym", "sources": [{"contributor": "/s/resource/wiktionary/en", "process": "/s/process/wikiparsec/2"}], "start": "/c/af/ongelukkig/a", "surfaceEnd": null, "surfaceStart": null, "surfaceText": null, "uri": "/a/[/r/Antonym/,/c/af/ongelukkig/a/,/c/af/gelukkig/]", "weight": 1.0}
28	/a/[/r/Antonym/,/c/af/opgaan/v/,/c/af/afgaan/]	0	69	21	1.0	{"dataset": "/d/wiktionary/en", "end": "/c/af/afgaan", "features": ["/c/af/opgaan /r/Antonym -", "/c/af/opgaan - /c/af/afgaan", "- /r/Antonym /c/af/afgaan"], "license": "cc:by-sa/4.0", "rel": "/r/Antonym", "sources": [{"contributor": "/s/resource/wiktionary/en", "process": "/s/process/wikiparsec/2"}], "start": "/c/af/opgaan/v", "surfaceEnd": null, "surfaceStart": null, "surfaceText": null, "uri": "/a/[/r/Antonym/,/c/af/opgaan/v/,/c/af/afgaan/]", "weight": 1.0}
29	/a/[/r/Antonym/,/c/af/opgaan/v/,/c/af/ondergaan/]	0	69	70	1.0	{"dataset": "/d/wiktionary/en", "end": "/c/af/ondergaan", "features": ["/c/af/opgaan /r/Antonym -", "/c/af/opgaan - /c/af/ondergaan", "- /r/Antonym /c/af/ondergaan"], "license": "cc:by-sa/4.0", "rel": "/r/Antonym", "sources": [{"contributor": "/s/resource/wiktionary/en", "process": "/s/process/wikiparsec/2"}], "start": "/c/af/opgaan/v", "surfaceEnd": null, "surfaceStart": null, "surfaceText": null, "uri": "/a/[/r/Antonym/,/c/af/opgaan/v/,/c/af/ondergaan/]", "weight": 1.0}
30	/a/[/r/Antonym/,/c/af/opkom/v/,/c/af/neerkom/]	0	71	72	1.0	{"dataset": "/d/wiktionary/en", "end": "/c/af/neerkom", "features": ["/c/af/opkom /r/Antonym -", "/c/af/opkom - /c/af/neerkom", "- /r/Antonym /c/af/neerkom"], "license": "cc:by-sa/4.0", "rel": "/r/Antonym", "sources": [{"contributor": "/s/resource/wiktionary/en", "process": "/s/process/wikiparsec/2"}], "start": "/c/af/opkom/v", "surfaceEnd": null, "surfaceStart": null, "surfaceText": null, "uri": "/a/[/r/Antonym/,/c/af/opkom/v/,/c/af/neerkom/]", "weight": 1.0}
31	/a/[/r/Antonym/,/c/af/opkom/v/,/c/af/ondergaan/]	0	71	70	1.0	{"dataset": "/d/wiktionary/en", "end": "/c/af/ondergaan", "features": ["/c/af/opkom /r/Antonym -", "/c/af/opkom - /c/af/ondergaan", "- /r/Antonym /c/af/ondergaan"], "license": "cc:by-sa/4.0", "rel": "/r/Antonym", "sources": [{"contributor": "/s/resource/wiktionary/en", "process": "/s/process/wikiparsec/2"}], "start": "/c/af/opkom/v", "surfaceEnd": null, "surfaceStart": null, "surfaceText": null, "uri": "/a/[/r/Antonym/,/c/af/opkom/v/,/c/af/ondergaan/]", "weight": 1.0}
32	/a/[/r/Antonym/,/c/af/pa/n/,/c/af/ma/]	0	74	56	1.0	{"dataset": "/d/wiktionary/en", "end": "/c/af/ma", "features": ["/c/af/pa /r/Antonym -", "/c/af/pa - /c/af/ma", "- /r/Antonym /c/af/ma"], "license": "cc:by-sa/4.0", "rel": "/r/Antonym", "sources": [{"contributor": "/s/resource/wiktionary/en", "process": "/s/process/wikiparsec/2"}], "start": "/c/af/pa/n", "surfaceEnd": null, "surfaceStart": null, "surfaceText": null, "uri": "/a/[/r/Antonym/,/c/af/pa/n/,/c/af/ma/]", "weight": 1.0}
33	/a/[/r/Antonym/,/c/af/sagteware/n/,/c/af/hardeware/]	0	75	76	1.0	{"dataset": "/d/wiktionary/en", "end": "/c/af/hardeware", "features": ["/c/af/sagteware /r/Antonym -", "/c/af/sagteware - /c/af/hardeware", "- /r/Antonym /c/af/hardeware"], "license": "cc:by-sa/4.0", "rel": "/r/Antonym", "sources": [{"contributor": "/s/resource/wiktionary/en", "process": "/s/process/wikiparsec/2"}], "start": "/c/af/sagteware/n", "surfaceEnd": null, "surfaceStart": null, "surfaceText": null, "uri": "/a/[/r/Antonym/,/c/af/sagteware/n/,/c/af/hardeware/]", "weight": 1.0}
34	/a/[/r/Antonym/,/c/af/seun/n/,/c/af/dogter/]	0	78	34	1.0	{"dataset": "/d/wiktionary/en", "end": "/c/af/dogter", "features": ["/c/af/seun /r/Antonym -", "/c/af/seun - /c/af/dogter", "- /r/Antonym /c/af/dogter"], "license": "cc:by-sa/4.0", "rel": "/r/Antonym", "sources": [{"contributor": "/s/resource/wiktionary/en", "process": "/s/process/wikiparsec/2"}], "start": "/c/af/seun/n", "surfaceEnd": null, "surfaceStart": null, "surfaceText": null, "uri": "/a/[/r/Antonym/,/c/af/seun/n/,/c/af/dogter/]", "weight": 1.0}
35	/a/[/r/Antonym/,/c/af/seun/n/,/c/af/meisie/]	0	78	79	1.0	{"dataset": "/d/wiktionary/en", "end": "/c/af/meisie", "features": ["/c/af/seun /r/Antonym -", "/c/af/seun - /c/af/meisie", "- /r/Antonym /c/af/meisie"], "license": "cc:by-sa/4.0", "rel": "/r/Antonym", "sources": [{"contributor": "/s/resource/wiktionary/en", "process": "/s/process/wikiparsec/2"}], "start": "/c/af/seun/n", "surfaceEnd": null, "surfaceStart": null, "surfaceText": null, "uri": "/a/[/r/Antonym/,/c/af/seun/n/,/c/af/meisie/]", "weight": 1.0}
36	/a/[/r/Antonym/,/c/af/seuntjie/n/,/c/af/dogtertjie/]	0	80	37	1.0	{"dataset": "/d/wiktionary/en", "end": "/c/af/dogtertjie", "features": ["/c/af/seuntjie /r/Antonym -", "/c/af/seuntjie - /c/af/dogtertjie", "- /r/Antonym /c/af/dogtertjie"], "license": "cc:by-sa/4.0", "rel": "/r/Antonym", "sources": [{"contributor": "/s/resource/wiktionary/en", "process": "/s/process/wikiparsec/2"}], "start": "/c/af/seuntjie/n", "surfaceEnd": null, "surfaceStart": null, "surfaceText": null, "uri": "/a/[/r/Antonym/,/c/af/seuntjie/n/,/c/af/dogtertjie/]", "weight": 1.0}
37	/a/[/r/Antonym/,/c/af/skadelik/a/,/c/af/onskadelik/]	0	81	82	1.0	{"dataset": "/d/wiktionary/en", "end": "/c/af/onskadelik", "features": ["/c/af/skadelik /r/Antonym -", "/c/af/skadelik - /c/af/onskadelik", "- /r/Antonym /c/af/onskadelik"], "license": "cc:by-sa/4.0", "rel": "/r/Antonym", "sources": [{"contributor": "/s/resource/wiktionary/en", "process": "/s/process/wikiparsec/2"}], "start": "/c/af/skadelik/a", "surfaceEnd": null, "surfaceStart": null, "surfaceText": null, "uri": "/a/[/r/Antonym/,/c/af/skadelik/a/,/c/af/onskadelik/]", "weight": 1.0}
38	/a/[/r/Antonym/,/c/af/skadelik/a/,/c/af/skadeloos/]	0	81	84	1.0	{"dataset": "/d/wiktionary/en", "end": "/c/af/skadeloos", "features": ["/c/af/skadelik /r/Antonym -", "/c/af/skadelik - /c/af/skadeloos", "- /r/Antonym /c/af/skadeloos"], "license": "cc:by-sa/4.0", "rel": "/r/Antonym", "sources": [{"contributor": "/s/resource/wiktionary/en", "process": "/s/process/wikiparsec/2"}], "start": "/c/af/skadelik/a", "surfaceEnd": null, "surfaceStart": null, "surfaceText": null, "uri": "/a/[/r/Antonym/,/c/af/skadelik/a/,/c/af/skadeloos/]", "weight": 1.0}
39	/a/[/r/Antonym/,/c/af/swart/a/,/c/af/blank/]	0	85	31	1.0	{"dataset": "/d/wiktionary/en", "end": "/c/af/blank", "features": ["/c/af/swart /r/Antonym -", "/c/af/swart - /c/af/blank", "- /r/Antonym /c/af/blank"], "license": "cc:by-sa/4.0", "rel": "/r/Antonym", "sources": [{"contributor": "/s/resource/wiktionary/en", "process": "/s/process/wikiparsec/2"}], "start": "/c/af/swart/a", "surfaceEnd": null, "surfaceStart": null, "surfaceText": null, "uri": "/a/[/r/Antonym/,/c/af/swart/a/,/c/af/blank/]", "weight": 1.0}
40	/a/[/r/Antonym/,/c/af/uitgaan/v/,/c/af/ingaan/]	0	86	52	1.0	{"dataset": "/d/wiktionary/en", "end": "/c/af/ingaan", "features": ["/c/af/uitgaan /r/Antonym -", "/c/af/uitgaan - /c/af/ingaan", "- /r/Antonym /c/af/ingaan"], "license": "cc:by-sa/4.0", "rel": "/r/Antonym", "sources": [{"contributor": "/s/resource/wiktionary/en", "process": "/s/process/wikiparsec/2"}], "start": "/c/af/uitgaan/v", "surfaceEnd": null, "surfaceStart": null, "surfaceText": null, "uri": "/a/[/r/Antonym/,/c/af/uitgaan/v/,/c/af/ingaan/]", "weight": 1.0}
41	/a/[/r/Antonym/,/c/ang/aberendlic/a/,/c/ang/unaberendlic/]	0	87	88	1.0	{"dataset": "/d/wiktionary/en", "end": "/c/ang/unaberendlic", "features": ["/c/ang/aberendlic /r/Antonym -", "/c/ang/aberendlic - /c/ang/unaberendlic", "- /r/Antonym /c/ang/unaberendlic"], "license": "cc:by-sa/4.0", "rel": "/r/Antonym", "sources": [{"contributor": "/s/resource/wiktionary/en", "process": "/s/process/wikiparsec/2"}], "start": "/c/ang/aberendlic/a", "surfaceEnd": null, "surfaceStart": null, "surfaceText": null, "uri": "/a/[/r/Antonym/,/c/ang/aberendlic/a/,/c/ang/unaberendlic/]", "weight": 1.0}
42	/a/[/r/Antonym/,/c/ang/acumendlic/a/,/c/ang/unacumendlic/]	0	90	91	1.0	{"dataset": "/d/wiktionary/en", "end": "/c/ang/unacumendlic", "features": ["/c/ang/acumendlic /r/Antonym -", "/c/ang/acumendlic - /c/ang/unacumendlic", "- /r/Antonym /c/ang/unacumendlic"], "license": "cc:by-sa/4.0", "rel": "/r/Antonym", "sources": [{"contributor": "/s/resource/wiktionary/en", "process": "/s/process/wikiparsec/2"}], "start": "/c/ang/acumendlic/a", "surfaceEnd": null, "surfaceStart": null, "surfaceText": null, "uri": "/a/[/r/Antonym/,/c/ang/acumendlic/a/,/c/ang/unacumendlic/]", "weight": 1.0}
43	/a/[/r/Antonym/,/c/ang/a√æeodan/v/,/c/ang/anl√¶can/]	0	93	94	1.0	{"dataset": "/d/wiktionary/en", "end": "/c/ang/anl√¶can", "features": ["/c/ang/a√æeodan /r/Antonym -", "/c/ang/a√æeodan - /c/ang/anl√¶can", "- /r/Antonym /c/ang/anl√¶can"], "license": "cc:by-sa/4.0", "rel": "/r/Antonym", "sources": [{"contributor": "/s/resource/wiktionary/en", "process": "/s/process/wikiparsec/2"}], "start": "/c/ang/a√æeodan/v", "surfaceEnd": null, "surfaceStart": null, "surfaceText": null, "uri": "/a/[/r/Antonym/,/c/ang/a√æeodan/v/,/c/ang/anl√¶can/]", "weight": 1.0}
44	/a/[/r/Antonym/,/c/ang/a√æeodan/v/,/c/ang/gadrian/]	0	93	96	1.0	{"dataset": "/d/wiktionary/en", "end": "/c/ang/gadrian", "features": ["/c/ang/a√æeodan /r/Antonym -", "/c/ang/a√æeodan - /c/ang/gadrian", "- /r/Antonym /c/ang/gadrian"], "license": "cc:by-sa/4.0", "rel": "/r/Antonym", "sources": [{"contributor": "/s/resource/wiktionary/en", "process": "/s/process/wikiparsec/2"}], "start": "/c/ang/a√æeodan/v", "surfaceEnd": null, "surfaceStart": null, "surfaceText": null, "uri": "/a/[/r/Antonym/,/c/ang/a√æeodan/v/,/c/ang/gadrian/]", "weight": 1.0}
45	/a/[/r/Antonym/,/c/ang/a√æeodan/v/,/c/ang/geferl√¶can/]	0	93	97	1.0	{"dataset": "/d/wiktionary/en", "end": "/c/ang/geferl√¶can", "features": ["/c/ang/a√æeodan /r/Antonym -", "/c/ang/a√æeodan - /c/ang/geferl√¶can", "- /r/Antonym /c/ang/geferl√¶can"], "license": "cc:by-sa/4.0", "rel": "/r/Antonym", "sources": [{"contributor": "/s/resource/wiktionary/en", "process": "/s/process/wikiparsec/2"}], "start": "/c/ang/a√æeodan/v", "surfaceEnd": null, "surfaceStart": null, "surfaceText": null, "uri": "/a/[/r/Antonym/,/c/ang/a√æeodan/v/,/c/ang/geferl√¶can/]", "weight": 1.0}
46	/a/[/r/Antonym/,/c/ang/a√æeodan/v/,/c/ang/gegadrian/]	0	93	98	1.0	{"dataset": "/d/wiktionary/en", "end": "/c/ang/gegadrian", "features": ["/c/ang/a√æeodan /r/Antonym -", "/c/ang/a√æeodan - /c/ang/gegadrian", "- /r/Antonym /c/ang/gegadrian"], "license": "cc:by-sa/4.0", "rel": "/r/Antonym", "sources": [{"contributor": "/s/resource/wiktionary/en", "process": "/s/process/wikiparsec/2"}], "start": "/c/ang/a√æeodan/v", "surfaceEnd": null, "surfaceStart": null, "surfaceText": null, "uri": "/a/[/r/Antonym/,/c/ang/a√æeodan/v/,/c/ang/gegadrian/]", "weight": 1.0}
47	/a/[/r/Antonym/,/c/ang/a√æeodan/v/,/c/ang/gelogian/]	0	93	99	1.0	{"dataset": "/d/wiktionary/en", "end": "/c/ang/gelogian", "features": ["/c/ang/a√æeodan /r/Antonym -", "/c/ang/a√æeodan - /c/ang/gelogian", "- /r/Antonym /c/ang/gelogian"], "license": "cc:by-sa/4.0", "rel": "/r/Antonym", "sources": [{"contributor": "/s/resource/wiktionary/en", "process": "/s/process/wikiparsec/2"}], "start": "/c/ang/a√æeodan/v", "surfaceEnd": null, "surfaceStart": null, "surfaceText": null, "uri": "/a/[/r/Antonym/,/c/ang/a√æeodan/v/,/c/ang/gelogian/]", "weight": 1.0}
48	/a/[/r/Antonym/,/c/ang/a√æeodan/v/,/c/ang/gesamnian/]	0	93	100	1.0	{"dataset": "/d/wiktionary/en", "end": "/c/ang/gesamnian", "features": ["/c/ang/a√æeodan /r/Antonym -", "/c/ang/a√æeodan - /c/ang/gesamnian", "- /r/Antonym /c/ang/gesamnian"], "license": "cc:by-sa/4.0", "rel": "/r/Antonym", "sources": [{"contributor": "/s/resource/wiktionary/en", "process": "/s/process/wikiparsec/2"}], "start": "/c/ang/a√æeodan/v", "surfaceEnd": null, "surfaceStart": null, "surfaceText": null, "uri": "/a/[/r/Antonym/,/c/ang/a√æeodan/v/,/c/ang/gesamnian/]", "weight": 1.0}
49	/a/[/r/Antonym/,/c/ang/a√æeodan/v/,/c/ang/samnian/]	0	93	101	1.0	{"dataset": "/d/wiktionary/en", "end": "/c/ang/samnian", "features": ["/c/ang/a√æeodan /r/Antonym -", "/c/ang/a√æeodan - /c/ang/samnian", "- /r/Antonym /c/ang/samnian"], "license": "cc:by-sa/4.0", "rel": "/r/Antonym", "sources": [{"contributor": "/s/resource/wiktionary/en", "process": "/s/process/wikiparsec/2"}], "start": "/c/ang/a√æeodan/v", "surfaceEnd": null, "surfaceStart": null, "surfaceText": null, "uri": "/a/[/r/Antonym/,/c/ang/a√æeodan/v/,/c/ang/samnian/]", "weight": 1.0}
50	/a/[/r/Antonym/,/c/ang/a√æeodan/v/,/c/ang/tosamnian/]	0	93	102	1.0	{"dataset": "/d/wiktionary/en", "end": "/c/ang/tosamnian", "features": ["/c/ang/a√æeodan /r/Antonym -", "/c/ang/a√æeodan - /c/ang/tosamnian", "- /r/Antonym /c/ang/tosamnian"], "license": "cc:by-sa/4.0", "rel": "/r/Antonym", "sources": [{"contributor": "/s/resource/wiktionary/en", "process": "/s/process/wikiparsec/2"}], "start": "/c/ang/a√æeodan/v", "surfaceEnd": null, "surfaceStart": null, "surfaceText": null, "uri": "/a/[/r/Antonym/,/c/ang/a√æeodan/v/,/c/ang/tosamnian/]", "weight": 1.0}
51	/a/[/r/Antonym/,/c/ang/a√æeodan/v/,/c/ang/√æeodan/]	0	93	103	1.0	{"dataset": "/d/wiktionary/en", "end": "/c/ang/√æeodan", "features": ["/c/ang/a√æeodan /r/Antonym -", "/c/ang/a√æeodan - /c/ang/√æeodan", "- /r/Antonym /c/ang/√æeodan"], "license": "cc:by-sa/4.0", "rel": "/r/Antonym", "sources": [{"contributor": "/s/resource/wiktionary/en", "process": "/s/process/wikiparsec/2"}], "start": "/c/ang/a√æeodan/v", "surfaceEnd": null, "surfaceStart": null, "surfaceText": null, "uri": "/a/[/r/Antonym/,/c/ang/a√æeodan/v/,/c/ang/√æeodan/]", "weight": 1.0}
52	/a/[/r/Antonym/,/c/ang/bryce/a/wikt/en_2/,/c/ang/unbryce/]	0	104	105	1.0	{"dataset": "/d/wiktionary/en", "end": "/c/ang/unbryce", "features": ["/c/ang/bryce /r/Antonym -", "/c/ang/bryce - /c/ang/unbryce", "- /r/Antonym /c/ang/unbryce"], "license": "cc:by-sa/4.0", "rel": "/r/Antonym", "sources": [{"contributor": "/s/resource/wiktionary/en", "process": "/s/process/wikiparsec/2"}], "start": "/c/ang/bryce/a/wikt/en_2", "surfaceEnd": null, "surfaceStart": null, "surfaceText": null, "uri": "/a/[/r/Antonym/,/c/ang/bryce/a/wikt/en_2/,/c/ang/unbryce/]", "weight": 1.0}
53	/a/[/r/Antonym/,/c/ang/ceorlboren/a/,/c/ang/√æegenboren/]	0	109	110	1.0	{"dataset": "/d/wiktionary/en", "end": "/c/ang/√æegenboren", "features": ["/c/ang/ceorlboren /r/Antonym -", "/c/ang/ceorlboren - /c/ang/√æegenboren", "- /r/Antonym /c/ang/√æegenboren"], "license": "cc:by-sa/4.0", "rel": "/r/Antonym", "sources": [{"contributor": "/s/resource/wiktionary/en", "process": "/s/process/wikiparsec/2"}], "start": "/c/ang/ceorlboren/a", "surfaceEnd": null, "surfaceStart": null, "surfaceText": null, "uri": "/a/[/r/Antonym/,/c/ang/ceorlboren/a/,/c/ang/√æegenboren/]", "weight": 1.0}
54	/a/[/r/Antonym/,/c/ang/ceorlian/v/,/c/ang/totw√¶man/]	0	112	113	1.0	{"dataset": "/d/wiktionary/en", "end": "/c/ang/totw√¶man", "features": ["/c/ang/ceorlian /r/Antonym -", "/c/ang/ceorlian - /c/ang/totw√¶man", "- /r/Antonym /c/ang/totw√¶man"], "license": "cc:by-sa/4.0", "rel": "/r/Antonym", "sources": [{"contributor": "/s/resource/wiktionary/en", "process": "/s/process/wikiparsec/2"}], "start": "/c/ang/ceorlian/v", "surfaceEnd": null, "surfaceStart": null, "surfaceText": null, "uri": "/a/[/r/Antonym/,/c/ang/ceorlian/v/,/c/ang/totw√¶man/]", "weight": 1.0}
55	/a/[/r/Antonym/,/c/ang/gea/r/,/c/ang/nese/]	0	115	116	1.0	{"dataset": "/d/wiktionary/en", "end": "/c/ang/nese", "features": ["/c/ang/gea /r/Antonym -", "/c/ang/gea - /c/ang/nese", "- /r/Antonym /c/ang/nese"], "license": "cc:by-sa/4.0", "rel": "/r/Antonym", "sources": [{"contributor": "/s/resource/wiktionary/en", "process": "/s/process/wikiparsec/2"}], "start": "/c/ang/gea/r", "surfaceEnd": null, "surfaceStart": null, "surfaceText": null, "uri": "/a/[/r/Antonym/,/c/ang/gea/r/,/c/ang/nese/]", "weight": 1.0}
56	/a/[/r/Antonym/,/c/ang/gesamnian/v/,/c/ang/ad√¶lan/]	0	118	119	1.0	{"dataset": "/d/wiktionary/en", "end": "/c/ang/ad√¶lan", "features": ["/c/ang/gesamnian /r/Antonym -", "/c/ang/gesamnian - /c/ang/ad√¶lan", "- /r/Antonym /c/ang/ad√¶lan"], "license": "cc:by-sa/4.0", "rel": "/r/Antonym", "sources": [{"contributor": "/s/resource/wiktionary/en", "process": "/s/process/wikiparsec/2"}], "start": "/c/ang/gesamnian/v", "surfaceEnd": null, "surfaceStart": null, "surfaceText": null, "uri": "/a/[/r/Antonym/,/c/ang/gesamnian/v/,/c/ang/ad√¶lan/]", "weight": 1.0}
57	/a/[/r/Antonym/,/c/ang/gesamnian/v/,/c/ang/asceadan/]	0	118	120	1.0	{"dataset": "/d/wiktionary/en", "end": "/c/ang/asceadan", "features": ["/c/ang/gesamnian /r/Antonym -", "/c/ang/gesamnian - /c/ang/asceadan", "- /r/Antonym /c/ang/asceadan"], "license": "cc:by-sa/4.0", "rel": "/r/Antonym", "sources": [{"contributor": "/s/resource/wiktionary/en", "process": "/s/process/wikiparsec/2"}], "start": "/c/ang/gesamnian/v", "surfaceEnd": null, "surfaceStart": null, "surfaceText": null, "uri": "/a/[/r/Antonym/,/c/ang/gesamnian/v/,/c/ang/asceadan/]", "weight": 1.0}
58	/a/[/r/Antonym/,/c/ang/gesamnian/v/,/c/ang/asyndran/]	0	118	121	1.0	{"dataset": "/d/wiktionary/en", "end": "/c/ang/asyndran", "features": ["/c/ang/gesamnian /r/Antonym -", "/c/ang/gesamnian - /c/ang/asyndran", "- /r/Antonym /c/ang/asyndran"], "license": "cc:by-sa/4.0", "rel": "/r/Antonym", "sources": [{"contributor": "/s/resource/wiktionary/en", "process": "/s/process/wikiparsec/2"}], "start": "/c/ang/gesamnian/v", "surfaceEnd": null, "surfaceStart": null, "surfaceText": null, "uri": "/a/[/r/Antonym/,/c/ang/gesamnian/v/,/c/ang/asyndran/]", "weight": 1.0}
59	/a/[/r/Antonym/,/c/ang/gesamnian/v/,/c/ang/a√æeodan/]	0	118	95	1.0	{"dataset": "/d/wiktionary/en", "end": "/c/ang/a√æeodan", "features": ["/c/ang/gesamnian /r/Antonym -", "/c/ang/gesamnian - /c/ang/a√æeodan", "- /r/Antonym /c/ang/a√æeodan"], "license": "cc:by-sa/4.0", "rel": "/r/Antonym", "sources": [{"contributor": "/s/resource/wiktionary/en", "process": "/s/process/wikiparsec/2"}], "start": "/c/ang/gesamnian/v", "surfaceEnd": null, "surfaceStart": null, "surfaceText": null, "uri": "/a/[/r/Antonym/,/c/ang/gesamnian/v/,/c/ang/a√æeodan/]", "weight": 1.0}
60	/a/[/r/Antonym/,/c/ang/gesamnian/v/,/c/ang/getw√¶fan/]	0	118	122	1.0	{"dataset": "/d/wiktionary/en", "end": "/c/ang/getw√¶fan", "features": ["/c/ang/gesamnian /r/Antonym -", "/c/ang/gesamnian - /c/ang/getw√¶fan", "- /r/Antonym /c/ang/getw√¶fan"], "license": "cc:by-sa/4.0", "rel": "/r/Antonym", "sources": [{"contributor": "/s/resource/wiktionary/en", "process": "/s/process/wikiparsec/2"}], "start": "/c/ang/gesamnian/v", "surfaceEnd": null, "surfaceStart": null, "surfaceText": null, "uri": "/a/[/r/Antonym/,/c/ang/gesamnian/v/,/c/ang/getw√¶fan/]", "weight": 1.0}
61	/a/[/r/Antonym/,/c/ang/gesamnian/v/,/c/ang/o√æ√æeodan/]	0	118	123	1.0	{"dataset": "/d/wiktionary/en", "end": "/c/ang/o√æ√æeodan", "features": ["/c/ang/gesamnian /r/Antonym -", "/c/ang/gesamnian - /c/ang/o√æ√æeodan", "- /r/Antonym /c/ang/o√æ√æeodan"], "license": "cc:by-sa/4.0", "rel": "/r/Antonym", "sources": [{"contributor": "/s/resource/wiktionary/en", "process": "/s/process/wikiparsec/2"}], "start": "/c/ang/gesamnian/v", "surfaceEnd": null, "surfaceStart": null, "surfaceText": null, "uri": "/a/[/r/Antonym/,/c/ang/gesamnian/v/,/c/ang/o√æ√æeodan/]", "weight": 1.0}
62	/a/[/r/Antonym/,/c/ang/gesamnian/v/,/c/ang/totw√¶man/]	0	118	113	1.0	{"dataset": "/d/wiktionary/en", "end": "/c/ang/totw√¶man", "features": ["/c/ang/gesamnian /r/Antonym -", "/c/ang/gesamnian - /c/ang/totw√¶man", "- /r/Antonym /c/ang/totw√¶man"], "license": "cc:by-sa/4.0", "rel": "/r/Antonym", "sources": [{"contributor": "/s/resource/wiktionary/en", "process": "/s/process/wikiparsec/2"}], "start": "/c/ang/gesamnian/v", "surfaceEnd": null, "surfaceStart": null, "surfaceText": null, "uri": "/a/[/r/Antonym/,/c/ang/gesamnian/v/,/c/ang/totw√¶man/]", "weight": 1.0}
63	/a/[/r/Antonym/,/c/ang/gesamnian/v/,/c/ang/twiferl√¶can/]	0	118	124	1.0	{"dataset": "/d/wiktionary/en", "end": "/c/ang/twiferl√¶can", "features": ["/c/ang/gesamnian /r/Antonym -", "/c/ang/gesamnian - /c/ang/twiferl√¶can", "- /r/Antonym /c/ang/twiferl√¶can"], "license": "cc:by-sa/4.0", "rel": "/r/Antonym", "sources": [{"contributor": "/s/resource/wiktionary/en", "process": "/s/process/wikiparsec/2"}], "start": "/c/ang/gesamnian/v", "surfaceEnd": null, "surfaceStart": null, "surfaceText": null, "uri": "/a/[/r/Antonym/,/c/ang/gesamnian/v/,/c/ang/twiferl√¶can/]", "weight": 1.0}
64	/a/[/r/Antonym/,/c/ang/gese/r/,/c/ang/na/]	0	125	126	1.0	{"dataset": "/d/wiktionary/en", "end": "/c/ang/na", "features": ["/c/ang/gese /r/Antonym -", "/c/ang/gese - /c/ang/na", "- /r/Antonym /c/ang/na"], "license": "cc:by-sa/4.0", "rel": "/r/Antonym", "sources": [{"contributor": "/s/resource/wiktionary/en", "process": "/s/process/wikiparsec/2"}], "start": "/c/ang/gese/r", "surfaceEnd": null, "surfaceStart": null, "surfaceText": null, "uri": "/a/[/r/Antonym/,/c/ang/gese/r/,/c/ang/na/]", "weight": 1.0}
65	/a/[/r/Antonym/,/c/ang/gese/r/,/c/ang/nese/]	0	125	116	1.0	{"dataset": "/d/wiktionary/en", "end": "/c/ang/nese", "features": ["/c/ang/gese /r/Antonym -", "/c/ang/gese - /c/ang/nese", "- /r/Antonym /c/ang/nese"], "license": "cc:by-sa/4.0", "rel": "/r/Antonym", "sources": [{"contributor": "/s/resource/wiktionary/en", "process": "/s/process/wikiparsec/2"}], "start": "/c/ang/gese/r", "surfaceEnd": null, "surfaceStart": null, "surfaceText": null, "uri": "/a/[/r/Antonym/,/c/ang/gese/r/,/c/ang/nese/]", "weight": 1.0}
66	/a/[/r/Antonym/,/c/ang/god/a/,/c/ang/yfel/]	0	128	129	1.0	{"dataset": "/d/wiktionary/fr", "end": "/c/ang/yfel", "features": ["/c/ang/god /r/Antonym -", "/c/ang/god - /c/ang/yfel", "- /r/Antonym /c/ang/yfel"], "license": "cc:by-sa/4.0", "rel": "/r/Antonym", "sources": [{"contributor": "/s/resource/wiktionary/fr", "process": "/s/process/wikiparsec/2"}], "start": "/c/ang/god/a", "surfaceEnd": null, "surfaceStart": null, "surfaceText": null, "uri": "/a/[/r/Antonym/,/c/ang/god/a/,/c/ang/yfel/]", "weight": 1.0}
67	/a/[/r/Antonym/,/c/ang/gyltig/a/,/c/ang/bealoleas/]	0	131	132	1.0	{"dataset": "/d/wiktionary/en", "end": "/c/ang/bealoleas", "features": ["/c/ang/gyltig /r/Antonym -", "/c/ang/gyltig - /c/ang/bealoleas", "- /r/Antonym /c/ang/bealoleas"], "license": "cc:by-sa/4.0", "rel": "/r/Antonym", "sources": [{"contributor": "/s/resource/wiktionary/en", "process": "/s/process/wikiparsec/2"}], "start": "/c/ang/gyltig/a", "surfaceEnd": null, "surfaceStart": null, "surfaceText": null, "uri": "/a/[/r/Antonym/,/c/ang/gyltig/a/,/c/ang/bealoleas/]", "weight": 1.0}
68	/a/[/r/Antonym/,/c/ang/gyltig/a/,/c/ang/cl√¶ne/]	0	131	134	1.0	{"dataset": "/d/wiktionary/en", "end": "/c/ang/cl√¶ne", "features": ["/c/ang/gyltig /r/Antonym -", "/c/ang/gyltig - /c/ang/cl√¶ne", "- /r/Antonym /c/ang/cl√¶ne"], "license": "cc:by-sa/4.0", "rel": "/r/Antonym", "sources": [{"contributor": "/s/resource/wiktionary/en", "process": "/s/process/wikiparsec/2"}], "start": "/c/ang/gyltig/a", "surfaceEnd": null, "surfaceStart": null, "surfaceText": null, "uri": "/a/[/r/Antonym/,/c/ang/gyltig/a/,/c/ang/cl√¶ne/]", "weight": 1.0}
69	/a/[/r/Antonym/,/c/ang/gyltig/a/,/c/ang/leahterleas/]	0	131	135	1.0	{"dataset": "/d/wiktionary/en", "end": "/c/ang/leahterleas", "features": ["/c/ang/gyltig /r/Antonym -", "/c/ang/gyltig - /c/ang/leahterleas", "- /r/Antonym /c/ang/leahterleas"], "license": "cc:by-sa/4.0", "rel": "/r/Antonym", "sources": [{"contributor": "/s/resource/wiktionary/en", "process": "/s/process/wikiparsec/2"}], "start": "/c/ang/gyltig/a", "surfaceEnd": null, "surfaceStart": null, "surfaceText": null, "uri": "/a/[/r/Antonym/,/c/ang/gyltig/a/,/c/ang/leahterleas/]", "weight": 1.0}
70	/a/[/r/Antonym/,/c/ang/gyltig/a/,/c/ang/sacleas/]	0	131	136	1.0	{"dataset": "/d/wiktionary/en", "end": "/c/ang/sacleas", "features": ["/c/ang/gyltig /r/Antonym -", "/c/ang/gyltig - /c/ang/sacleas", "- /r/Antonym /c/ang/sacleas"], "license": "cc:by-sa/4.0", "rel": "/r/Antonym", "sources": [{"contributor": "/s/resource/wiktionary/en", "process": "/s/process/wikiparsec/2"}], "start": "/c/ang/gyltig/a", "surfaceEnd": null, "surfaceStart": null, "surfaceText": null, "uri": "/a/[/r/Antonym/,/c/ang/gyltig/a/,/c/ang/sacleas/]", "weight": 1.0}
71	/a/[/r/Antonym/,/c/ang/gyltig/a/,/c/ang/ungyltig/]	0	131	137	1.0	{"dataset": "/d/wiktionary/en", "end": "/c/ang/ungyltig", "features": ["/c/ang/gyltig /r/Antonym -", "/c/ang/gyltig - /c/ang/ungyltig", "- /r/Antonym /c/ang/ungyltig"], "license": "cc:by-sa/4.0", "rel": "/r/Antonym", "sources": [{"contributor": "/s/resource/wiktionary/en", "process": "/s/process/wikiparsec/2"}], "start": "/c/ang/gyltig/a", "surfaceEnd": null, "surfaceStart": null, "surfaceText": null, "uri": "/a/[/r/Antonym/,/c/ang/gyltig/a/,/c/ang/ungyltig/]", "weight": 1.0}
72	/a/[/r/Antonym/,/c/ang/heahflod/n/,/c/ang/nepflod/]	0	138	139	1.0	{"dataset": "/d/wiktionary/en", "end": "/c/ang/nepflod", "features": ["/c/ang/heahflod /r/Antonym -", "/c/ang/heahflod - /c/ang/nepflod", "- /r/Antonym /c/ang/nepflod"], "license": "cc:by-sa/4.0", "rel": "/r/Antonym", "sources": [{"contributor": "/s/resource/wiktionary/en", "process": "/s/process/wikiparsec/2"}], "start": "/c/ang/heahflod/n", "surfaceEnd": null, "surfaceStart": null, "surfaceText": null, "uri": "/a/[/r/Antonym/,/c/ang/heahflod/n/,/c/ang/nepflod/]", "weight": 1.0}
73	/a/[/r/Antonym/,/c/ang/inlenda/n/,/c/ang/utlenda/]	0	141	142	1.0	{"dataset": "/d/wiktionary/en", "end": "/c/ang/utlenda", "features": ["/c/ang/inlenda /r/Antonym -", "/c/ang/inlenda - /c/ang/utlenda", "- /r/Antonym /c/ang/utlenda"], "license": "cc:by-sa/4.0", "rel": "/r/Antonym", "sources": [{"contributor": "/s/resource/wiktionary/en", "process": "/s/process/wikiparsec/2"}], "start": "/c/ang/inlenda/n", "surfaceEnd": null, "surfaceStart": null, "surfaceText": null, "uri": "/a/[/r/Antonym/,/c/ang/inlenda/n/,/c/ang/utlenda/]", "weight": 1.0}
74	/a/[/r/Antonym/,/c/ang/inlendisc/a/,/c/ang/utlendisc/]	0	144	145	1.0	{"dataset": "/d/wiktionary/en", "end": "/c/ang/utlendisc", "features": ["/c/ang/inlendisc /r/Antonym -", "/c/ang/inlendisc - /c/ang/utlendisc", "- /r/Antonym /c/ang/utlendisc"], "license": "cc:by-sa/4.0", "rel": "/r/Antonym", "sources": [{"contributor": "/s/resource/wiktionary/en", "process": "/s/process/wikiparsec/2"}], "start": "/c/ang/inlendisc/a", "surfaceEnd": null, "surfaceStart": null, "surfaceText": null, "uri": "/a/[/r/Antonym/,/c/ang/inlendisc/a/,/c/ang/utlendisc/]", "weight": 1.0}
75	/a/[/r/Antonym/,/c/ang/nepflod/n/,/c/ang/heahflod/]	0	147	140	1.0	{"dataset": "/d/wiktionary/en", "end": "/c/ang/heahflod", "features": ["/c/ang/nepflod /r/Antonym -", "/c/ang/nepflod - /c/ang/heahflod", "- /r/Antonym /c/ang/heahflod"], "license": "cc:by-sa/4.0", "rel": "/r/Antonym", "sources": [{"contributor": "/s/resource/wiktionary/en", "process": "/s/process/wikiparsec/2"}], "start": "/c/ang/nepflod/n", "surfaceEnd": null, "surfaceStart": null, "surfaceText": null, "uri": "/a/[/r/Antonym/,/c/ang/nepflod/n/,/c/ang/heahflod/]", "weight": 1.0}
76	/a/[/r/Antonym/,/c/ang/niht/n/,/c/ang/d√¶g/]	0	148	149	1.0	{"dataset": "/d/wiktionary/en", "end": "/c/ang/d√¶g", "features": ["/c/ang/niht /r/Antonym -", "/c/ang/niht - /c/ang/d√¶g", "- /r/Antonym /c/ang/d√¶g"], "license": "cc:by-sa/4.0", "rel": "/r/Antonym", "sources": [{"contributor": "/s/resource/wiktionary/en", "process": "/s/process/wikiparsec/2"}], "start": "/c/ang/niht/n", "surfaceEnd": null, "surfaceStart": null, "surfaceText": null, "uri": "/a/[/r/Antonym/,/c/ang/niht/n/,/c/ang/d√¶g/]", "weight": 1.0}
77	/a/[/r/Antonym/,/c/ang/niht/n/,/c/ang/leoht/]	0	148	151	1.0	{"dataset": "/d/wiktionary/en", "end": "/c/ang/leoht", "features": ["/c/ang/niht /r/Antonym -", "/c/ang/niht - /c/ang/leoht", "- /r/Antonym /c/ang/leoht"], "license": "cc:by-sa/4.0", "rel": "/r/Antonym", "sources": [{"contributor": "/s/resource/wiktionary/en", "process": "/s/process/wikiparsec/2"}], "start": "/c/ang/niht/n", "surfaceEnd": null, "surfaceStart": null, "surfaceText": null, "uri": "/a/[/r/Antonym/,/c/ang/niht/n/,/c/ang/leoht/]", "weight": 1.0}
78	/a/[/r/Antonym/,/c/ang/ofdune/r/,/c/ang/up/]	0	152	153	1.0	{"dataset": "/d/wiktionary/en", "end": "/c/ang/up", "features": ["/c/ang/ofdune /r/Antonym -", "/c/ang/ofdune - /c/ang/up", "- /r/Antonym /c/ang/up"], "license": "cc:by-sa/4.0", "rel": "/r/Antonym", "sources": [{"contributor": "/s/resource/wiktionary/en", "process": "/s/process/wikiparsec/2"}], "start": "/c/ang/ofdune/r", "surfaceEnd": null, "surfaceStart": null, "surfaceText": null, "uri": "/a/[/r/Antonym/,/c/ang/ofdune/r/,/c/ang/up/]", "weight": 1.0}
79	/a/[/r/Antonym/,/c/ang/ofdune/r/,/c/ang/uppe/]	0	152	155	1.0	{"dataset": "/d/wiktionary/en", "end": "/c/ang/uppe", "features": ["/c/ang/ofdune /r/Antonym -", "/c/ang/ofdune - /c/ang/uppe", "- /r/Antonym /c/ang/uppe"], "license": "cc:by-sa/4.0", "rel": "/r/Antonym", "sources": [{"contributor": "/s/resource/wiktionary/en", "process": "/s/process/wikiparsec/2"}], "start": "/c/ang/ofdune/r", "surfaceEnd": null, "surfaceStart": null, "surfaceText": null, "uri": "/a/[/r/Antonym/,/c/ang/ofdune/r/,/c/ang/uppe/]", "weight": 1.0}
80	/a/[/r/Antonym/,/c/ang/ofdune/r/,/c/ang/uppeweardes/]	0	152	156	1.0	{"dataset": "/d/wiktionary/en", "end": "/c/ang/uppeweardes", "features": ["/c/ang/ofdune /r/Antonym -", "/c/ang/ofdune - /c/ang/uppeweardes", "- /r/Antonym /c/ang/uppeweardes"], "license": "cc:by-sa/4.0", "rel": "/r/Antonym", "sources": [{"contributor": "/s/resource/wiktionary/en", "process": "/s/process/wikiparsec/2"}], "start": "/c/ang/ofdune/r", "surfaceEnd": null, "surfaceStart": null, "surfaceText": null, "uri": "/a/[/r/Antonym/,/c/ang/ofdune/r/,/c/ang/uppeweardes/]", "weight": 1.0}
81	/a/[/r/Antonym/,/c/ang/ofdune/r/,/c/ang/upweard/]	0	152	157	1.0	{"dataset": "/d/wiktionary/en", "end": "/c/ang/upweard", "features": ["/c/ang/ofdune /r/Antonym -", "/c/ang/ofdune - /c/ang/upweard", "- /r/Antonym /c/ang/upweard"], "license": "cc:by-sa/4.0", "rel": "/r/Antonym", "sources": [{"contributor": "/s/resource/wiktionary/en", "process": "/s/process/wikiparsec/2"}], "start": "/c/ang/ofdune/r", "surfaceEnd": null, "surfaceStart": null, "surfaceText": null, "uri": "/a/[/r/Antonym/,/c/ang/ofdune/r/,/c/ang/upweard/]", "weight": 1.0}
82	/a/[/r/Antonym/,/c/ang/ofdune/r/,/c/ang/wi√æerdune/]	0	152	158	1.0	{"dataset": "/d/wiktionary/en", "end": "/c/ang/wi√æerdune", "features": ["/c/ang/ofdune /r/Antonym -", "/c/ang/ofdune - /c/ang/wi√æerdune", "- /r/Antonym /c/ang/wi√æerdune"], "license": "cc:by-sa/4.0", "rel": "/r/Antonym", "sources": [{"contributor": "/s/resource/wiktionary/en", "process": "/s/process/wikiparsec/2"}], "start": "/c/ang/ofdune/r", "surfaceEnd": null, "surfaceStart": null, "surfaceText": null, "uri": "/a/[/r/Antonym/,/c/ang/ofdune/r/,/c/ang/wi√æerdune/]", "weight": 1.0}
83	/a/[/r/Antonym/,/c/ang/oferteon/v/,/c/ang/abe√æecian/]	0	159	160	1.0	{"dataset": "/d/wiktionary/en", "end": "/c/ang/abe√æecian", "features": ["/c/ang/oferteon /r/Antonym -", "/c/ang/oferteon - /c/ang/abe√æecian", "- /r/Antonym /c/ang/abe√æecian"], "license": "cc:by-sa/4.0", "rel": "/r/Antonym", "sources": [{"contributor": "/s/resource/wiktionary/en", "process": "/s/process/wikiparsec/2"}], "start": "/c/ang/oferteon/v", "surfaceEnd": null, "surfaceStart": null, "surfaceText": null, "uri": "/a/[/r/Antonym/,/c/ang/oferteon/v/,/c/ang/abe√æecian/]", "weight": 1.0}
84	/a/[/r/Antonym/,/c/ang/oferteon/v/,/c/ang/barian/]	0	159	162	1.0	{"dataset": "/d/wiktionary/en", "end": "/c/ang/barian", "features": ["/c/ang/oferteon /r/Antonym -", "/c/ang/oferteon - /c/ang/barian", "- /r/Antonym /c/ang/barian"], "license": "cc:by-sa/4.0", "rel": "/r/Antonym", "sources": [{"contributor": "/s/resource/wiktionary/en", "process": "/s/process/wikiparsec/2"}], "start": "/c/ang/oferteon/v", "surfaceEnd": null, "surfaceStart": null, "surfaceText": null, "uri": "/a/[/r/Antonym/,/c/ang/oferteon/v/,/c/ang/barian/]", "weight": 1.0}
85	/a/[/r/Antonym/,/c/ang/oferteon/v/,/c/ang/beginnan/]	0	159	163	1.0	{"dataset": "/d/wiktionary/en", "end": "/c/ang/beginnan", "features": ["/c/ang/oferteon /r/Antonym -", "/c/ang/oferteon - /c/ang/beginnan", "- /r/Antonym /c/ang/beginnan"], "license": "cc:by-sa/4.0", "rel": "/r/Antonym", "sources": [{"contributor": "/s/resource/wiktionary/en", "process": "/s/process/wikiparsec/2"}], "start": "/c/ang/oferteon/v", "surfaceEnd": null, "surfaceStart": null, "surfaceText": null, "uri": "/a/[/r/Antonym/,/c/ang/oferteon/v/,/c/ang/beginnan/]", "weight": 1.0}
86	/a/[/r/Antonym/,/c/ang/oferteon/v/,/c/ang/for√æteon/]	0	159	164	1.0	{"dataset": "/d/wiktionary/en", "end": "/c/ang/for√æteon", "features": ["/c/ang/oferteon /r/Antonym -", "/c/ang/oferteon - /c/ang/for√æteon", "- /r/Antonym /c/ang/for√æteon"], "license": "cc:by-sa/4.0", "rel": "/r/Antonym", "sources": [{"contributor": "/s/resource/wiktionary/en", "process": "/s/process/wikiparsec/2"}], "start": "/c/ang/oferteon/v", "surfaceEnd": null, "surfaceStart": null, "surfaceText": null, "uri": "/a/[/r/Antonym/,/c/ang/oferteon/v/,/c/ang/for√æteon/]", "weight": 1.0}
87	/a/[/r/Antonym/,/c/ang/oferteon/v/,/c/ang/geeowan/]	0	159	165	1.0	{"dataset": "/d/wiktionary/en", "end": "/c/ang/geeowan", "features": ["/c/ang/oferteon /r/Antonym -", "/c/ang/oferteon - /c/ang/geeowan", "- /r/Antonym /c/ang/geeowan"], "license": "cc:by-sa/4.0", "rel": "/r/Antonym", "sources": [{"contributor": "/s/resource/wiktionary/en", "process": "/s/process/wikiparsec/2"}], "start": "/c/ang/oferteon/v", "surfaceEnd": null, "surfaceStart": null, "surfaceText": null, "uri": "/a/[/r/Antonym/,/c/ang/oferteon/v/,/c/ang/geeowan/]", "weight": 1.0}
88	/a/[/r/Antonym/,/c/ang/oferteon/v/,/c/ang/onginnan/]	0	159	166	1.0	{"dataset": "/d/wiktionary/en", "end": "/c/ang/onginnan", "features": ["/c/ang/oferteon /r/Antonym -", "/c/ang/oferteon - /c/ang/onginnan", "- /r/Antonym /c/ang/onginnan"], "license": "cc:by-sa/4.0", "rel": "/r/Antonym", "sources": [{"contributor": "/s/resource/wiktionary/en", "process": "/s/process/wikiparsec/2"}], "start": "/c/ang/oferteon/v", "surfaceEnd": null, "surfaceStart": null, "surfaceText": null, "uri": "/a/[/r/Antonym/,/c/ang/oferteon/v/,/c/ang/onginnan/]", "weight": 1.0}
89	/a/[/r/Antonym/,/c/ang/oferteon/v/,/c/ang/openian/]	0	159	167	1.0	{"dataset": "/d/wiktionary/en", "end": "/c/ang/openian", "features": ["/c/ang/oferteon /r/Antonym -", "/c/ang/oferteon - /c/ang/openian", "- /r/Antonym /c/ang/openian"], "license": "cc:by-sa/4.0", "rel": "/r/Antonym", "sources": [{"contributor": "/s/resource/wiktionary/en", "process": "/s/process/wikiparsec/2"}], "start": "/c/ang/oferteon/v", "surfaceEnd": null, "surfaceStart": null, "surfaceText": null, "uri": "/a/[/r/Antonym/,/c/ang/oferteon/v/,/c/ang/openian/]", "weight": 1.0}
90	/a/[/r/Antonym/,/c/ang/oferteon/v/,/c/ang/unhelian/]	0	159	168	1.0	{"dataset": "/d/wiktionary/en", "end": "/c/ang/unhelian", "features": ["/c/ang/oferteon /r/Antonym -", "/c/ang/oferteon - /c/ang/unhelian", "- /r/Antonym /c/ang/unhelian"], "license": "cc:by-sa/4.0", "rel": "/r/Antonym", "sources": [{"contributor": "/s/resource/wiktionary/en", "process": "/s/process/wikiparsec/2"}], "start": "/c/ang/oferteon/v", "surfaceEnd": null, "surfaceStart": null, "surfaceText": null, "uri": "/a/[/r/Antonym/,/c/ang/oferteon/v/,/c/ang/unhelian/]", "weight": 1.0}
91	/a/[/r/Antonym/,/c/ang/oferteon/v/,/c/ang/unwreon/]	0	159	169	1.0	{"dataset": "/d/wiktionary/en", "end": "/c/ang/unwreon", "features": ["/c/ang/oferteon /r/Antonym -", "/c/ang/oferteon - /c/ang/unwreon", "- /r/Antonym /c/ang/unwreon"], "license": "cc:by-sa/4.0", "rel": "/r/Antonym", "sources": [{"contributor": "/s/resource/wiktionary/en", "process": "/s/process/wikiparsec/2"}], "start": "/c/ang/oferteon/v", "surfaceEnd": null, "surfaceStart": null, "surfaceText": null, "uri": "/a/[/r/Antonym/,/c/ang/oferteon/v/,/c/ang/unwreon/]", "weight": 1.0}
92	/a/[/r/Antonym/,/c/ang/oferteon/v/,/c/ang/un√æeccan/]	0	159	170	1.0	{"dataset": "/d/wiktionary/en", "end": "/c/ang/un√æeccan", "features": ["/c/ang/oferteon /r/Antonym -", "/c/ang/oferteon - /c/ang/un√æeccan", "- /r/Antonym /c/ang/un√æeccan"], "license": "cc:by-sa/4.0", "rel": "/r/Antonym", "sources": [{"contributor": "/s/resource/wiktionary/en", "process": "/s/process/wikiparsec/2"}], "start": "/c/ang/oferteon/v", "surfaceEnd": null, "surfaceStart": null, "surfaceText": null, "uri": "/a/[/r/Antonym/,/c/ang/oferteon/v/,/c/ang/un√æeccan/]", "weight": 1.0}
93	/a/[/r/Antonym/,/c/ang/samnian/v/,/c/ang/ad√¶lan/]	0	171	119	1.0	{"dataset": "/d/wiktionary/en", "end": "/c/ang/ad√¶lan", "features": ["/c/ang/samnian /r/Antonym -", "/c/ang/samnian - /c/ang/ad√¶lan", "- /r/Antonym /c/ang/ad√¶lan"], "license": "cc:by-sa/4.0", "rel": "/r/Antonym", "sources": [{"contributor": "/s/resource/wiktionary/en", "process": "/s/process/wikiparsec/2"}], "start": "/c/ang/samnian/v", "surfaceEnd": null, "surfaceStart": null, "surfaceText": null, "uri": "/a/[/r/Antonym/,/c/ang/samnian/v/,/c/ang/ad√¶lan/]", "weight": 1.0}
94	/a/[/r/Antonym/,/c/ang/samnian/v/,/c/ang/asceadan/]	0	171	120	1.0	{"dataset": "/d/wiktionary/en", "end": "/c/ang/asceadan", "features": ["/c/ang/samnian /r/Antonym -", "/c/ang/samnian - /c/ang/asceadan", "- /r/Antonym /c/ang/asceadan"], "license": "cc:by-sa/4.0", "rel": "/r/Antonym", "sources": [{"contributor": "/s/resource/wiktionary/en", "process": "/s/process/wikiparsec/2"}], "start": "/c/ang/samnian/v", "surfaceEnd": null, "surfaceStart": null, "surfaceText": null, "uri": "/a/[/r/Antonym/,/c/ang/samnian/v/,/c/ang/asceadan/]", "weight": 1.0}
95	/a/[/r/Antonym/,/c/ang/samnian/v/,/c/ang/asyndran/]	0	171	121	1.0	{"dataset": "/d/wiktionary/en", "end": "/c/ang/asyndran", "features": ["/c/ang/samnian /r/Antonym -", "/c/ang/samnian - /c/ang/asyndran", "- /r/Antonym /c/ang/asyndran"], "license": "cc:by-sa/4.0", "rel": "/r/Antonym", "sources": [{"contributor": "/s/resource/wiktionary/en", "process": "/s/process/wikiparsec/2"}], "start": "/c/ang/samnian/v", "surfaceEnd": null, "surfaceStart": null, "surfaceText": null, "uri": "/a/[/r/Antonym/,/c/ang/samnian/v/,/c/ang/asyndran/]", "weight": 1.0}
96	/a/[/r/Antonym/,/c/ang/samnian/v/,/c/ang/a√æeodan/]	0	171	95	1.0	{"dataset": "/d/wiktionary/en", "end": "/c/ang/a√æeodan", "features": ["/c/ang/samnian /r/Antonym -", "/c/ang/samnian - /c/ang/a√æeodan", "- /r/Antonym /c/ang/a√æeodan"], "license": "cc:by-sa/4.0", "rel": "/r/Antonym", "sources": [{"contributor": "/s/resource/wiktionary/en", "process": "/s/process/wikiparsec/2"}], "start": "/c/ang/samnian/v", "surfaceEnd": null, "surfaceStart": null, "surfaceText": null, "uri": "/a/[/r/Antonym/,/c/ang/samnian/v/,/c/ang/a√æeodan/]", "weight": 1.0}
97	/a/[/r/Antonym/,/c/ang/samnian/v/,/c/ang/getw√¶fan/]	0	171	122	1.0	{"dataset": "/d/wiktionary/en", "end": "/c/ang/getw√¶fan", "features": ["/c/ang/samnian /r/Antonym -", "/c/ang/samnian - /c/ang/getw√¶fan", "- /r/Antonym /c/ang/getw√¶fan"], "license": "cc:by-sa/4.0", "rel": "/r/Antonym", "sources": [{"contributor": "/s/resource/wiktionary/en", "process": "/s/process/wikiparsec/2"}], "start": "/c/ang/samnian/v", "surfaceEnd": null, "surfaceStart": null, "surfaceText": null, "uri": "/a/[/r/Antonym/,/c/ang/samnian/v/,/c/ang/getw√¶fan/]", "weight": 1.0}
98	/a/[/r/Antonym/,/c/ang/samnian/v/,/c/ang/o√æ√æeodan/]	0	171	123	1.0	{"dataset": "/d/wiktionary/en", "end": "/c/ang/o√æ√æeodan", "features": ["/c/ang/samnian /r/Antonym -", "/c/ang/samnian - /c/ang/o√æ√æeodan", "- /r/Antonym /c/ang/o√æ√æeodan"], "license": "cc:by-sa/4.0", "rel": "/r/Antonym", "sources": [{"contributor": "/s/resource/wiktionary/en", "process": "/s/process/wikiparsec/2"}], "start": "/c/ang/samnian/v", "surfaceEnd": null, "surfaceStart": null, "surfaceText": null, "uri": "/a/[/r/Antonym/,/c/ang/samnian/v/,/c/ang/o√æ√æeodan/]", "weight": 1.0}
99	/a/[/r/Antonym/,/c/ang/samnian/v/,/c/ang/totw√¶man/]	0	171	113	1.0	{"dataset": "/d/wiktionary/en", "end": "/c/ang/totw√¶man", "features": ["/c/ang/samnian /r/Antonym -", "/c/ang/samnian - /c/ang/totw√¶man", "- /r/Antonym /c/ang/totw√¶man"], "license": "cc:by-sa/4.0", "rel": "/r/Antonym", "sources": [{"contributor": "/s/resource/wiktionary/en", "process": "/s/process/wikiparsec/2"}], "start": "/c/ang/samnian/v", "surfaceEnd": null, "surfaceStart": null, "surfaceText": null, "uri": "/a/[/r/Antonym/,/c/ang/samnian/v/,/c/ang/totw√¶man/]", "weight": 1.0}